BEACH,BUSHES,CLOUDS,FLOWERS,FOG,GRASS,HILLS,LAKE,MOON,MOUNTAIN,MOUNTAINS,NIGHT,OCEAN,PATH,RIVER,ROCKS,SNOW,SNOWY_MOUNTAIN,STRUCTURE,SUN,TREES
0,1,0,0,0,1,0,0,0,0,0,0,0,0,1,0,0,0,0,0,1
0,0,1,0,0,0,0,0,0,1,0,0,0,0,0,0,1,1,0,0,1
0,0,0,0,0,0,0,0,0,1,1,0,0,0,0,0,0,0,1,1,1
0,1,1,0,0,0,0,1,0,1,0,0,0,0,0,0,0,1,0,0,1
0,0,0,0,0,0,0,0,0,0,0,0,0,0,1,1,0,0,0,0,1
0,0,0,0,0,0,0,1,1,1,1,1,0,0,0,0,1,1,1,0,1
0,0,0,0,0,0,0,1,0,1,1,0,0,0,0,0,0,1,0,0,1
0,1,0,0,0,0,0,1,0,1,1,0,0,0,0,0,0,0,0,0,1
1,0,1,0,0,0,0,0,0,0,0,0,1,0,0,0,0,0,0,0,0
0,1,0,0,0,0,0,1,0,1,0,0,0,0,0,0,0,0,0,0,1
0,0,0,0,0,0,0,1,0,0,0,0,0,0,0,0,0,0,0,0,1
0,0,1,0,0,0,0,1,0,1,1,0,0,0,0,0,0,1,0,0,1
0,1,0,0,0,1,0,0,0,1,0,0,0,0,0,0,0,1,0,0,1
0,1,0,0,0,1,0,1,0,1,0,0,0,0,0,0,0,1,0,0,1
0,0,0,0,0,0,0,1,0,0,0,0,0,0,0,0,1,0,0,1,1
0,0,1,0,0,0,0,0,0,0,0,0,1,0,0,0,0,0,0,1,1
0,1,1,0,0,0,0,1,0,1,1,0,0,0,0,0,1,1,1,0,1
0,1,0,0,0,1,0,1,0,0,0,0,0,0,0,0,0,0,0,0,1
0,1,1,0,0,1,0,0,0,0,0,0,0,0,1,0,0,0,0,0,1
0,0,1,0,0,1,0,1,0,1,1,0,0,0,0,0,0,0,0,0,1
0,1,1,0,0,0,0,1,0,1,0,0,0,0,0,0,0,1,0,0,1
0,0,0,0,0,0,0,0,0,0,0,0,1,0,0,1,0,0,0,1,1
0,0,0,0,0,1,0,0,0,0,0,0,0,0,1,0,0,0,0,0,1
0,1,1,0,0,1,0,0,0,0,0,0,0,0,1,1,0,0,0,0,1
0,0,0,0,0,1,0,1,0,1,1,0,0,0,0,0,0,1,0,0,1
0,1,1,0,0,0,0,1,0,1,1,0,0,0,0,0,0,1,0,0,1
0,1,0,0,0,0,0,1,0,1,1,0,0,0,0,0,0,0,1,0,1
0,0,1,0,0,0,0,0,1,0,0,1,1,0,0,0,0,0,0,0,1
0,0,0,0,0,1,0,0,0,0,0,0,0,0,1,1,0,0,0,0,1
0,0,0,0,0,0,0,0,0,0,0,0,0,0,0,0,1,0,1,0,1
0,0,1,0,0,0,1,1,0,1,1,0,0,0,0,0,0,0,0,0,1
0,0,0,0,0,0,0,0,0,0,0,0,0,1,0,0,0,0,1,0,1
0,0,0,0,0,0,0,1,0,1,1,0,0,0,0,0,0,0,0,0,1
0,0,1,0,0,0,0,0,0,0,0,1,1,0,0,0,0,0,1,0,0
0,1,1,0,0,0,0,0,0,0,0,0,0,0,1,0,0,0,1,0,1
0,1,0,0,0,0,0,1,0,0,0,0,0,0,0,0,0,0,0,0,1
0,0,0,0,0,0,0,1,0,0,0,0,0,0,0,0,0,0,1,0,1
0,1,0,0,0,0,0,1,0,1,1,0,0,0,0,0,0,0,0,0,1
0,0,1,0,0,0,0,1,0,1,0,0,0,0,0,0,0,1,0,0,1
0,0,0,0,0,0,0,1,0,0,0,0,0,0,0,0,1,0,1,0,1
0,1,1,0,0,1,0,1,0,1,1,0,0,0,0,0,0,0,0,0,1
0,1,0,0,0,1,0,0,0,1,1,0,0,0,0,0,0,1,0,0,1
0,0,1,0,0,0,0,1,0,0,0,0,0,0,0,0,1,0,1,0,1
1,0,1,0,0,0,0,0,0,0,0,0,1,0,0,1,0,0,0,0,1
0,1,0,0,0,0,0,1,0,0,0,0,0,0,0,0,0,0,0,0,1
0,0,0,0,0,1,0,0,0,0,0,0,0,1,0,0,0,0,1,0,1
0,0,0,0,0,1,0,1,0,0,0,0,0,0,0,0,0,0,0,0,1
0,1,1,0,0,0,0,1,0,1,1,0,0,0,0,0,0,1,0,0,1
0,1,0,0,0,1,0,0,0,0,0,0,0,0,1,0,0,0,0,0,1
0,0,1,0,0,0,0,0,0,1,1,0,0,0,0,0,0,1,0,0,1
0,0,0,0,0,1,1,1,0,0,0,0,0,0,0,0,0,0,0,0,1
0,0,0,0,0,1,0,1,0,1,0,0,0,0,0,0,0,1,0,0,0
0,1,1,0,0,0,0,1,0,1,1,0,0,0,0,0,0,1,0,0,1
0,0,1,0,0,1,0,1,0,0,0,0,0,0,0,0,0,0,0,0,1
0,0,0,1,0,0,0,0,0,1,1,0,0,0,0,0,1,1,0,0,1
0,0,0,0,0,0,0,1,0,0,0,0,0,0,0,0,1,0,0,0,1
0,0,0,0,0,1,0,1,0,0,0,0,0,0,0,0,0,0,0,0,1
0,0,1,0,0,1,0,0,0,0,0,0,1,0,0,0,0,0,0,1,0
0,0,0,0,0,1,0,0,0,0,0,0,0,0,1,1,0,0,0,0,1
0,0,0,0,0,1,0,0,0,1,1,0,0,0,1,0,0,0,0,0,1
0,0,0,0,0,0,0,0,0,0,0,0,1,0,0,0,0,0,0,0,0
0,0,1,0,0,0,0,0,0,0,0,0,0,1,0,0,0,0,1,0,0
0,1,1,0,0,1,0,1,0,1,0,0,0,0,0,1,0,1,0,0,1
0,0,0,0,0,0,0,0,0,0,0,0,0,0,0,0,0,0,0,0,0
0,0,1,0,0,1,0,0,0,0,0,0,0,0,1,1,0,0,1,0,1
0,1,0,0,0,1,1,0,0,0,0,0,0,0,1,0,0,0,0,0,1
0,1,1,0,1,1,0,1,0,0,0,0,0,0,0,0,0,0,1,0,1
0,0,1,0,1,0,0,1,0,1,0,0,0,0,0,0,0,1,0,0,1
0,0,0,0,0,1,0,0,0,0,0,0,0,0,1,1,0,0,0,0,1
0,1,0,0,0,0,0,0,0,0,0,0,0,0,1,0,0,0,0,0,1
0,0,1,0,0,1,0,0,0,0,0,0,0,0,0,0,1,0,0,0,1
0,0,1,0,0,1,0,0,0,1,1,0,0,0,1,0,0,1,0,0,1
0,1,0,0,0,0,0,1,0,1,0,0,0,0,0,0,0,1,0,0,1
0,1,1,0,0,1,0,0,0,0,0,0,0,0,0,1,0,0,0,0,1
0,0,1,0,0,1,0,0,0,0,0,0,0,0,0,0,0,0,0,0,0
0,0,1,0,0,0,0,0,0,1,1,0,0,0,1,0,0,0,0,0,0
0,1,1,0,0,0,0,1,0,0,0,0,0,0,0,0,0,0,0,0,1
0,0,1,0,0,1,1,0,0,0,0,0,0,0,1,0,0,0,0,0,1
0,0,1,0,0,0,0,0,0,0,0,0,0,0,0,0,1,0,1,0,0
0,0,1,0,0,1,0,1,0,0,0,0,0,0,0,1,0,0,0,0,1
0,0,1,0,0,0,0,0,0,0,0,0,0,0,1,0,0,0,0,1,1
0,0,1,0,0,0,0,0,0,1,1,0,0,0,1,0,0,1,1,0,1
0,0,0,0,0,0,0,0,0,0,0,0,0,0,0,0,0,0,0,0,0
0,1,1,0,0,0,0,1,0,0,0,0,0,0,1,0,0,0,0,0,1
0,0,1,0,0,0,0,0,0,0,0,0,0,1,0,0,1,0,1,0,1
0,1,0,0,0,0,0,0,0,1,0,0,0,0,1,0,0,1,0,0,1
0,1,1,0,0,0,0,1,0,1,0,0,0,0,0,0,0,1,0,0,1
0,0,1,0,0,1,0,0,0,1,1,0,0,0,0,0,0,1,0,0,1
0,1,1,0,0,0,0,1,0,0,0,0,0,0,0,0,1,0,0,0,1
0,0,1,0,0,0,0,1,0,0,0,0,0,0,0,0,0,0,1,0,0
0,1,0,0,0,0,0,0,0,0,0,0,0,0,1,0,0,0,0,0,1
0,0,0,0,1,1,0,0,0,1,1,0,0,0,0,0,0,0,0,0,1
0,1,1,0,0,1,0,1,0,0,0,0,0,0,0,0,0,0,1,0,1
0,0,0,0,0,1,0,0,0,0,0,0,0,0,0,0,1,0,1,1,1
0,1,0,0,0,1,0,1,0,0,0,0,0,1,0,1,0,0,0,0,1
0,0,1,0,0,0,0,0,0,0,0,0,0,1,1,1,0,0,1,0,1
0,1,1,0,0,1,0,0,0,1,1,0,0,0,1,0,0,0,0,0,1
0,0,0,0,0,0,0,0,0,0,0,0,0,0,0,0,1,0,1,0,1
0,0,0,0,0,1,0,0,0,1,1,0,0,0,1,0,0,1,0,0,1
0,1,1,0,0,0,0,0,0,0,0,0,0,0,0,0,0,0,0,0,1
0,0,1,0,0,0,0,0,0,0,0,0,0,1,0,1,0,0,0,0,0
0,0,1,0,0,0,0,1,0,1,1,0,0,0,0,0,0,1,0,0,1
0,0,1,0,0,0,0,0,0,0,0,0,0,0,0,0,1,0,1,0,0
0,0,0,0,0,0,0,1,0,1,0,1,0,0,0,0,1,1,1,0,1
0,0,1,0,0,0,0,0,0,1,1,0,0,0,0,0,1,1,0,1,1
1,0,1,0,0,0,0,0,0,0,0,0,1,0,0,1,0,0,0,0,0
0,1,1,0,0,0,0,1,0,0,0,0,0,0,0,0,0,0,0,0,1
0,1,1,0,0,1,0,0,0,1,1,0,0,1,0,0,0,1,0,0,1
0,1,0,0,1,0,0,0,0,1,0,0,0,0,1,0,0,1,1,0,1
1,0,1,0,0,0,0,0,0,0,0,0,1,0,0,1,0,0,0,0,0
0,1,0,0,0,0,0,0,0,1,1,0,0,0,1,1,0,1,0,0,1
0,0,0,0,0,0,0,0,0,1,0,0,0,1,0,0,0,0,1,0,1
0,1,1,0,0,0,0,0,0,1,0,0,0,0,1,0,0,1,0,0,1
0,0,0,0,0,0,0,0,0,0,0,0,0,0,0,0,0,0,0,0,0
0,1,1,0,0,1,0,0,0,1,1,0,0,0,1,0,0,0,0,0,1
1,1,1,0,0,0,0,0,0,1,0,0,1,0,0,0,0,1,0,0,0
0,0,1,0,0,1,0,0,0,1,1,0,0,0,1,0,0,1,0,0,1
0,1,1,0,0,0,1,1,0,1,0,0,0,0,0,0,0,1,0,0,1
0,0,1,0,0,1,0,0,0,0,0,0,0,0,0,0,0,0,1,0,1
0,0,1,0,0,1,1,0,0,0,0,0,0,0,1,1,0,0,0,0,1
0,0,0,0,0,0,0,0,0,0,0,0,0,0,1,1,0,0,1,0,1
0,0,1,0,0,0,0,0,0,0,0,0,1,0,0,1,0,0,0,0,0
0,1,1,0,0,0,0,1,0,1,1,0,0,0,0,0,0,1,0,0,1
0,1,0,0,0,0,0,0,0,0,0,0,0,0,0,0,1,0,0,0,1
0,0,0,0,0,0,0,1,0,0,0,0,0,0,0,0,1,0,0,1,1
0,1,1,0,0,0,0,1,0,1,1,0,0,0,0,0,0,1,0,0,1
1,0,1,0,0,0,0,0,0,0,0,0,1,0,0,1,0,0,0,0,0
0,0,0,0,0,1,0,0,0,1,1,0,0,1,0,0,0,1,1,0,1
0,0,1,0,0,0,0,0,0,1,1,0,0,0,0,0,1,1,0,1,1
0,0,1,0,0,1,0,1,0,0,0,0,0,1,0,1,0,0,1,0,1
0,0,0,0,0,1,0,0,0,1,0,0,0,0,1,0,0,1,0,0,1
0,1,1,0,0,0,0,0,0,0,0,0,0,0,0,0,1,0,1,0,1
0,0,0,1,0,0,0,0,0,0,0,0,0,0,0,0,0,0,0,0,1
0,1,1,0,0,0,0,0,0,0,0,0,0,0,1,0,0,0,0,0,1
0,0,1,0,0,1,0,0,0,1,0,0,0,0,1,1,0,1,0,0,1
0,1,1,0,0,0,0,0,0,0,0,0,0,0,0,0,1,0,1,0,1
0,1,1,0,0,1,0,1,0,0,0,0,0,1,0,1,0,0,0,0,1
0,1,1,0,0,0,0,1,0,1,0,0,0,0,0,0,0,1,0,0,1
0,0,1,0,0,0,0,0,0,0,0,0,0,0,0,0,1,0,1,0,1
1,0,1,0,0,0,0,0,0,0,0,0,1,0,0,1,0,0,0,1,0
0,0,1,0,0,0,0,1,0,0,0,0,0,0,0,0,1,0,0,0,1
0,0,1,0,0,0,0,1,0,0,0,0,0,1,0,0,0,0,1,0,1
0,1,0,0,0,1,0,0,0,0,0,0,0,0,1,1,0,0,0,0,1
0,0,0,0,1,1,0,0,0,0,0,0,0,0,0,0,0,0,1,1,0
0,1,1,0,0,0,0,0,0,1,1,0,0,0,1,1,0,1,0,0,1
0,0,1,0,0,1,0,1,0,1,0,0,0,0,0,1,0,0,0,0,1
0,1,0,0,0,0,0,0,0,0,0,0,0,1,1,0,0,0,0,0,1
1,0,1,0,0,0,0,0,0,0,0,1,1,0,0,1,0,0,0,0,0
0,1,1,0,0,1,0,1,0,1,1,0,0,0,0,0,0,0,1,0,1
0,1,1,0,0,1,0,0,0,1,0,0,0,0,1,0,0,1,0,0,1
0,0,0,0,0,1,0,0,0,0,0,0,0,0,1,0,0,0,0,0,1
1,0,1,0,0,0,0,0,0,0,0,0,1,0,0,0,0,0,0,0,0
0,1,1,0,0,1,0,0,0,1,0,0,0,0,1,0,0,1,0,0,1
0,1,0,0,0,1,0,0,0,1,0,0,0,0,1,0,0,1,0,0,1
0,1,1,0,0,1,0,0,0,1,1,0,0,0,1,0,0,0,0,1,1
0,0,0,0,0,0,0,0,0,1,1,0,0,0,1,0,1,1,0,0,1
0,1,0,0,0,1,1,1,0,0,0,0,0,0,0,0,0,0,0,0,1
0,1,1,0,0,0,0,1,0,1,1,0,0,0,0,0,1,1,1,0,1
0,0,1,0,0,1,0,0,0,1,0,0,0,0,1,0,0,0,0,0,1
0,1,1,0,0,0,0,0,0,0,0,0,0,0,1,1,0,0,1,0,1
0,0,1,0,0,1,0,0,0,1,1,0,0,0,1,1,0,0,0,0,1
0,0,0,0,0,1,0,0,0,0,0,0,0,0,1,0,0,0,0,0,1
0,0,1,0,0,0,0,0,0,0,0,0,0,1,1,0,0,0,0,0,1
0,0,1,0,0,1,0,0,0,1,1,0,0,0,1,0,0,1,0,0,1
0,1,0,0,0,0,0,1,0,0,0,0,0,0,0,0,0,0,0,0,1
0,1,1,0,0,0,0,0,0,1,0,0,0,0,1,0,0,1,0,0,1
0,0,0,0,0,0,0,1,0,1,1,0,0,0,0,0,1,0,1,0,1
0,0,1,0,0,0,0,0,0,0,0,1,1,0,0,1,0,0,0,0,1
0,0,0,0,0,1,0,1,0,1,1,0,0,1,0,0,0,1,0,0,1
0,1,1,0,0,0,0,1,0,1,1,0,0,1,0,0,0,1,0,0,1
0,0,0,0,0,1,0,0,0,0,0,0,0,0,1,0,0,0,0,0,1
0,0,0,0,0,1,0,0,0,1,1,1,0,0,0,0,0,0,0,0,1
0,0,1,0,0,0,0,0,0,0,0,0,0,0,0,0,1,0,0,0,1
0,1,1,0,1,0,0,0,0,1,1,0,0,0,1,1,0,0,0,0,1
0,0,1,0,0,0,0,0,0,1,1,0,0,0,1,0,0,1,0,0,1
1,0,1,0,0,1,0,0,0,0,0,0,1,0,0,0,0,0,0,0,0
0,0,0,0,0,0,0,0,0,1,0,0,0,0,1,0,1,1,0,1,1
0,0,1,0,0,0,0,0,0,0,0,0,0,1,1,0,0,0,0,0,1
0,0,1,0,0,0,0,1,0,1,1,0,0,0,0,0,0,1,0,0,0
0,0,0,0,0,1,0,1,0,0,0,0,0,0,0,0,0,0,0,0,1
0,0,1,0,1,1,0,0,0,0,0,0,0,0,0,0,0,0,0,0,1
0,0,1,0,0,1,0,1,0,1,0,0,0,0,0,0,0,1,0,0,1
0,1,1,0,0,0,0,0,0,0,0,0,0,0,0,0,1,0,0,1,1
0,0,1,0,0,1,0,0,0,0,0,0,0,0,1,0,0,0,0,0,1
0,0,0,0,0,1,0,0,0,0,0,0,0,1,0,0,0,0,1,0,1
0,0,0,0,0,0,0,0,0,0,0,0,0,0,0,0,0,0,0,0,0
0,0,1,0,0,0,0,1,0,1,1,0,0,0,0,0,0,1,1,0,1
1,0,1,0,0,0,0,0,0,0,0,0,1,0,0,1,0,0,0,0,0
0,0,1,0,0,1,0,1,0,0,0,0,0,0,0,0,0,0,1,0,1
0,0,1,0,0,1,0,0,0,1,1,0,0,0,1,1,0,0,0,0,1
0,0,1,0,0,0,0,0,0,1,1,0,0,0,0,0,1,1,1,0,1
0,1,0,0,0,1,0,0,0,0,0,0,0,1,0,0,0,0,0,0,1
0,0,0,0,0,1,0,0,0,0,0,0,0,1,0,0,0,0,1,0,1
0,0,0,0,0,0,0,1,0,0,0,0,0,0,0,1,0,0,0,0,1
0,0,1,0,0,1,0,1,0,1,1,0,0,0,0,0,0,0,0,0,1
0,0,1,0,1,0,0,1,0,1,0,0,0,0,0,0,0,1,0,0,1
0,0,0,0,0,1,0,0,0,0,0,0,0,1,0,0,0,0,1,0,1
0,0,1,0,0,0,0,0,0,0,0,0,0,0,0,0,1,0,1,0,1
0,1,1,0,1,0,0,0,0,0,0,0,0,0,0,0,1,0,0,0,1
0,1,1,0,0,0,0,1,0,1,1,0,0,0,0,0,0,1,0,0,1
0,0,0,0,0,0,0,0,0,0,0,0,0,0,0,0,0,0,0,0,0
0,0,0,0,0,0,0,0,0,0,0,0,0,0,1,1,0,0,0,0,1
1,0,1,0,0,0,0,0,0,0,0,0,1,0,0,0,0,0,0,0,0
0,0,0,0,0,0,0,0,0,0,0,0,0,0,0,0,1,0,1,0,1
0,0,1,0,0,0,1,1,0,0,0,0,0,0,0,0,0,0,0,0,1
0,1,0,0,0,0,0,0,0,0,0,0,0,0,1,1,0,0,0,0,1
0,0,1,1,0,1,0,1,0,1,0,0,0,0,0,0,0,1,0,0,0
0,0,0,0,0,0,0,0,0,0,0,0,0,0,1,1,0,0,0,0,1
0,0,0,0,1,0,0,0,0,0,0,0,0,0,1,0,0,0,0,0,1
0,0,0,0,0,1,0,0,0,0,0,0,0,1,0,0,0,0,1,0,0
0,0,0,0,0,1,0,1,0,1,1,0,0,0,0,0,0,0,0,0,1
1,0,1,0,0,0,0,0,0,0,0,0,1,0,0,1,0,0,0,1,0
0,0,0,1,0,0,0,1,0,0,0,0,0,0,0,0,0,0,1,0,0
0,0,1,0,0,0,0,0,0,0,0,0,0,0,1,0,1,0,0,0,1
0,0,0,0,0,0,0,0,0,1,1,0,0,0,1,1,0,0,0,0,1
0,0,0,0,0,0,0,1,0,0,0,0,0,0,0,0,0,0,1,0,1
0,0,0,1,0,1,1,1,0,0,0,0,0,0,0,0,0,0,0,0,1
0,0,0,0,0,0,0,0,0,0,0,0,0,0,1,1,0,0,1,0,0
0,0,0,0,1,0,0,0,0,0,0,0,0,1,0,0,0,0,0,0,1
0,0,0,0,0,1,0,0,0,1,0,0,0,0,1,0,0,1,0,0,1
0,0,0,1,0,1,1,1,0,1,0,0,0,0,0,0,0,1,0,0,1
0,1,1,0,0,0,0,1,0,1,1,0,0,0,0,0,0,0,0,0,1
0,1,1,0,0,1,0,0,0,0,0,0,0,0,1,0,0,0,0,0,1
0,0,1,0,0,0,0,0,0,1,1,0,0,0,1,0,1,0,1,0,1
0,0,0,0,0,1,0,0,0,0,0,0,0,0,1,0,0,0,0,0,1
0,0,0,0,0,1,0,1,0,0,0,0,0,0,0,0,0,0,0,0,1
0,1,0,0,0,0,0,1,0,1,1,0,0,0,0,0,0,1,0,0,1
0,0,0,0,1,1,0,0,0,0,0,0,0,0,1,0,0,0,0,0,1
0,0,1,0,0,0,0,1,0,0,0,0,0,0,0,0,1,0,0,0,1
1,0,1,0,0,0,0,0,0,0,0,0,1,0,0,0,0,0,0,0,0
0,1,0,0,0,0,0,0,0,0,0,0,0,0,1,0,0,0,0,0,1
0,0,0,0,0,0,0,0,0,0,0,0,0,1,0,0,0,0,0,0,1
0,0,1,0,0,0,0,0,0,1,1,0,0,1,0,0,0,0,0,0,0
0,0,0,0,0,0,0,0,0,0,0,0,0,0,1,1,0,0,0,1,1
0,0,0,0,0,0,0,0,0,0,0,0,0,0,1,0,1,0,0,0,1
0,0,1,0,0,1,0,1,0,1,0,0,0,0,0,0,0,0,0,0,1
0,0,0,0,0,0,0,0,0,0,0,0,0,0,1,0,0,0,0,1,1
0,0,0,0,0,0,0,0,0,0,0,0,0,0,0,0,1,0,1,0,1
0,1,0,0,0,1,0,1,0,1,1,0,0,0,0,0,0,0,0,0,1
0,0,0,0,0,1,0,0,0,0,0,0,0,0,1,1,0,0,0,0,1
0,0,0,0,0,0,0,0,0,0,0,0,0,0,1,0,1,0,1,0,1
0,1,0,0,0,1,0,0,0,1,0,0,0,0,1,0,0,0,0,0,1
1,0,1,0,0,0,0,0,0,0,0,0,1,0,0,1,0,0,0,1,0
0,0,0,0,0,0,0,0,0,0,0,0,0,1,0,0,0,0,0,0,1
0,0,1,0,0,0,0,1,0,0,0,0,0,0,0,1,1,0,0,0,1
0,0,0,0,0,0,0,0,1,0,0,1,0,0,0,0,1,0,1,0,1
0,1,1,0,0,1,0,0,0,1,1,0,0,0,1,0,0,1,0,0,1
0,0,1,0,0,0,0,1,0,1,0,0,0,0,0,0,0,1,0,0,1
0,0,0,0,0,1,0,0,0,0,0,0,0,1,0,0,0,0,1,1,1
0,0,0,0,0,0,0,0,0,1,1,0,0,0,0,0,1,1,0,0,1
0,0,0,0,1,0,0,0,0,0,0,0,0,0,1,1,0,0,0,0,1
0,0,1,0,0,0,0,1,0,1,1,0,0,0,0,1,0,1,0,0,1
1,0,1,0,0,0,0,0,0,0,0,0,1,0,0,1,0,0,0,0,0
0,0,1,0,0,0,0,0,0,1,1,0,0,0,1,0,0,1,0,0,1
0,0,0,0,0,1,0,0,0,0,0,0,0,0,1,0,0,0,0,0,0
0,0,1,0,0,0,0,0,0,1,0,0,0,0,1,0,1,1,0,0,1
0,1,0,0,0,0,0,0,0,0,0,0,0,1,0,0,0,0,1,0,1
0,0,0,0,0,0,0,0,0,1,1,0,0,0,1,0,0,1,0,0,1
0,0,0,0,0,0,0,0,0,0,0,0,0,1,1,0,0,0,0,1,1
0,1,0,0,1,0,0,1,0,1,1,0,0,0,0,0,1,1,0,0,1
0,0,0,0,0,0,0,1,0,1,1,0,0,0,0,0,0,1,0,0,1
0,0,0,0,1,0,0,0,0,0,0,0,0,0,1,0,0,0,0,1,1
0,0,1,0,0,0,0,0,0,1,1,0,0,0,1,1,0,1,0,0,1
0,0,0,1,0,0,0,0,0,0,0,0,0,0,1,0,0,0,0,0,1
0,0,0,0,0,0,0,0,0,0,0,0,0,1,0,0,0,0,1,0,1
0,0,0,0,0,0,0,1,0,1,0,0,0,0,0,0,1,1,0,0,1
0,0,0,0,0,0,0,1,0,0,0,0,0,0,0,1,0,0,1,0,1
1,0,1,0,0,0,0,0,0,0,0,0,1,0,0,1,0,0,0,1,0
0,1,0,0,0,0,0,0,0,0,0,0,0,0,0,0,0,0,0,0,1
0,0,1,0,0,0,0,0,0,1,1,0,0,0,1,0,1,1,0,0,1
0,0,1,0,0,0,0,0,0,1,0,0,0,1,0,0,0,0,0,0,0
0,0,0,0,0,1,0,1,0,1,0,0,0,0,0,0,0,1,0,0,1
1,0,0,0,0,0,0,0,0,0,0,0,1,0,0,0,0,0,0,0,0
0,1,1,1,0,0,0,0,0,0,0,0,0,0,1,0,0,0,0,0,1
0,1,0,0,0,0,0,0,0,1,1,0,0,0,1,0,0,1,0,0,1
0,0,0,1,0,0,0,0,0,0,0,0,0,0,1,1,0,0,0,0,1
0,0,1,0,0,1,1,0,0,0,0,0,0,0,1,0,0,0,0,0,1
0,0,0,0,0,0,0,0,0,0,0,0,0,0,0,0,1,0,1,0,0
0,1,0,0,0,1,0,0,0,0,0,0,0,0,1,0,0,0,0,0,1
0,0,0,0,0,0,0,0,0,1,1,0,0,0,1,0,0,1,0,0,1
0,0,0,0,0,1,0,0,0,0,0,0,0,0,1,0,0,0,0,0,1
0,0,0,0,0,0,0,1,0,1,1,0,0,1,0,0,0,1,1,0,1
0,0,1,0,0,0,0,0,0,1,1,0,0,0,0,0,1,0,0,0,1
1,0,1,0,0,0,0,0,0,0,0,0,1,0,0,0,0,0,0,1,0
0,0,0,0,0,0,0,0,0,0,0,0,0,0,1,1,0,0,0,0,1
0,0,0,0,0,1,0,0,0,0,0,0,0,0,1,0,0,0,0,0,1
0,0,0,0,0,0,1,0,0,0,0,0,0,0,0,0,1,0,0,0,1
0,1,0,0,0,1,0,0,0,0,0,0,0,1,0,0,0,0,0,0,1
0,0,1,0,0,1,0,1,0,1,1,0,0,0,0,0,0,0,0,0,0
0,0,1,0,0,0,0,0,0,0,0,0,0,0,1,0,1,0,0,1,1
0,1,0,0,0,0,1,1,0,0,0,0,0,0,0,1,0,0,0,0,1
0,0,0,0,0,1,0,0,0,0,0,0,0,0,1,0,0,0,0,0,1
0,1,0,0,0,0,0,1,0,0,0,0,0,1,0,0,0,0,0,0,1
0,0,0,0,0,1,0,0,0,1,0,0,0,0,1,1,0,1,0,0,0
0,1,0,0,0,1,0,0,0,0,0,0,0,0,1,0,0,0,1,0,1
0,0,0,0,0,1,0,0,0,1,0,0,0,0,1,0,0,0,0,0,1
0,0,0,0,0,0,0,1,0,0,0,0,0,0,0,0,1,0,1,0,1
1,0,1,0,0,0,0,0,0,0,0,0,1,0,0,1,0,0,0,1,0
0,1,0,0,0,0,0,1,0,1,1,0,0,0,0,0,1,1,0,0,0
0,1,0,0,0,0,0,0,0,1,0,0,0,0,1,0,0,1,0,0,1
0,0,0,0,0,0,0,1,0,0,0,0,0,0,0,0,0,0,0,0,1
0,0,0,0,0,0,0,0,0,1,0,0,0,0,0,0,1,1,1,0,1
0,0,0,0,0,1,0,0,0,0,0,0,0,0,0,0,0,0,1,0,1
0,0,1,0,0,1,0,0,0,1,0,0,0,0,1,1,0,1,0,0,1
0,0,1,0,0,0,0,1,0,1,1,0,0,0,0,1,0,0,0,0,1
0,1,0,0,0,0,0,0,0,0,0,0,0,1,0,0,0,0,0,0,1
0,0,0,0,0,0,0,0,0,0,0,0,0,0,1,1,0,0,0,0,1
0,0,0,0,0,0,0,1,0,0,0,0,0,0,0,0,1,0,0,0,1
1,0,1,0,0,1,1,0,0,0,0,0,1,0,0,0,0,0,0,1,0
0,1,0,0,0,0,0,1,0,1,1,0,0,0,0,0,1,1,0,0,1
0,0,0,0,0,1,0,0,0,0,0,0,0,0,1,1,0,0,1,0,1
0,0,1,0,0,0,0,0,0,0,0,0,0,0,0,0,1,0,0,0,1
0,1,0,0,0,0,0,1,0,1,0,0,0,0,0,0,0,1,0,0,1
0,0,0,0,0,0,0,0,0,0,0,0,0,0,1,0,0,0,0,0,1
0,0,0,0,0,0,0,1,0,1,0,0,0,0,0,0,1,1,0,0,1
0,0,0,0,0,0,0,1,0,0,0,0,0,0,1,0,0,0,0,0,1
0,1,1,0,0,0,0,1,0,1,1,0,0,0,0,0,0,1,0,0,1
0,1,0,0,1,0,0,0,0,0,0,0,0,0,0,1,0,0,0,0,1
0,0,0,0,0,0,0,1,0,0,0,0,0,0,0,0,0,0,0,0,1
0,0,0,0,0,0,0,1,0,0,0,0,0,0,0,0,0,0,0,0,0
0,0,1,0,0,1,0,0,0,0,0,0,0,0,1,1,0,0,0,0,1
0,0,1,0,0,0,0,0,0,0,0,0,1,0,0,0,0,0,0,0,0
0,0,0,0,0,0,0,1,0,0,0,0,0,0,0,0,0,0,1,1,1
0,0,1,0,0,0,0,0,0,1,0,0,0,1,0,0,0,0,0,0,0
0,1,0,0,0,0,0,0,0,0,0,0,0,0,0,0,1,0,0,0,0
0,1,0,0,1,1,0,0,0,0,0,0,0,0,1,0,0,0,0,0,1
0,0,0,0,0,1,0,0,0,0,0,0,0,1,0,0,0,0,1,0,1
0,0,1,0,0,1,0,0,0,1,0,0,0,0,0,0,1,1,0,0,1
0,1,0,0,0,1,0,1,0,1,0,0,0,1,0,0,0,1,0,1,1
0,1,0,1,0,1,0,0,0,0,0,0,0,0,1,0,0,0,0,0,1
0,0,1,0,0,0,0,1,0,1,1,0,0,0,0,0,1,1,1,0,1
0,0,0,0,0,0,0,1,0,0,0,0,0,0,0,0,1,0,0,0,1
0,0,0,0,0,1,0,1,0,1,0,0,0,0,0,0,0,0,0,0,1
0,0,0,0,0,0,0,0,0,0,0,0,0,0,1,1,0,0,0,0,1
0,0,0,0,0,0,0,0,0,0,0,0,0,0,0,0,0,0,0,0,0
1,0,1,0,0,0,1,0,0,0,0,0,1,0,0,1,0,0,0,0,0
0,0,1,0,0,0,0,1,0,1,0,0,0,0,0,0,0,0,0,0,1
0,0,0,0,0,0,0,0,0,0,0,1,0,0,1,0,0,0,0,0,1
0,0,0,0,1,0,0,1,0,0,0,0,0,0,0,0,0,0,0,1,1
0,0,0,0,0,0,0,1,0,1,1,0,0,0,0,1,0,1,0,0,1
0,0,0,0,0,0,0,0,0,0,0,0,0,0,0,0,1,0,0,1,1
0,1,1,0,0,1,0,0,0,1,1,0,0,0,1,1,0,0,0,0,1
0,0,0,0,0,0,0,0,0,0,0,0,0,0,0,0,1,0,1,0,1
0,0,0,1,0,0,0,1,0,0,0,0,0,0,0,0,0,0,1,0,1
0,0,1,0,0,0,0,0,0,1,1,0,0,1,0,0,0,0,1,0,1
0,0,0,0,1,0,0,0,0,0,0,0,0,0,0,0,1,0,1,0,1
1,0,1,0,0,0,1,0,0,0,0,0,1,0,0,1,0,0,0,0,0
0,1,0,0,0,1,0,0,0,0,0,0,0,0,1,0,0,0,0,1,1
0,0,0,0,0,0,0,0,0,1,0,0,0,0,0,0,1,1,1,0,1
0,0,0,0,0,1,0,0,0,0,0,0,0,0,1,0,0,0,0,1,1
0,0,0,0,1,0,0,1,0,0,0,0,0,0,0,1,0,0,0,1,1
0,1,0,0,0,0,0,1,0,1,1,0,0,1,0,0,0,1,0,0,1
0,0,0,0,0,0,1,0,0,0,0,0,0,0,0,0,1,0,1,1,1
0,0,1,0,0,0,0,0,0,1,0,0,0,0,0,0,0,1,0,0,1
0,1,0,0,0,0,0,0,0,0,0,0,0,0,0,0,0,0,0,1,1
0,0,0,0,0,1,0,0,0,0,0,0,0,0,0,0,0,0,0,0,0
0,0,0,0,0,1,0,1,0,1,0,0,0,0,0,1,0,1,0,0,1
0,0,0,0,0,1,0,0,0,0,0,0,0,1,0,0,0,0,0,0,1
0,1,0,0,0,0,0,0,0,0,0,0,0,0,1,0,0,0,0,0,1
0,0,0,0,1,0,0,0,0,1,1,0,0,0,0,0,1,0,0,0,1
0,0,0,0,1,1,0,1,0,0,0,0,0,0,0,0,0,0,0,1,1
1,0,1,0,0,0,0,0,0,0,0,0,1,0,0,0,0,0,0,1,0
0,1,0,0,0,1,0,1,0,1,0,0,0,0,0,0,0,1,0,0,1
0,0,1,0,0,1,0,0,0,0,0,1,0,0,0,0,0,0,1,0,1
0,1,0,0,0,0,0,1,0,0,0,0,0,0,0,0,0,0,0,0,1
0,1,0,0,0,0,0,1,0,0,1,0,0,0,0,0,0,0,0,0,1
0,1,0,0,0,1,0,1,0,1,1,0,0,0,0,0,1,1,0,0,1
0,0,0,0,0,1,0,0,0,1,1,0,0,1,0,0,0,0,0,1,1
0,0,0,0,0,1,0,0,0,0,0,0,0,1,0,0,0,0,1,0,0
0,0,1,0,0,0,0,1,0,1,1,0,0,0,1,0,0,1,0,0,1
0,0,0,0,0,1,0,0,0,0,0,0,0,0,1,0,0,0,0,0,1
0,1,0,0,0,0,0,1,0,1,1,0,0,0,0,0,0,0,1,0,1
1,0,1,0,0,1,0,0,0,0,0,0,1,0,0,1,0,0,0,0,0
0,0,0,1,0,0,0,0,0,0,0,0,0,0,0,0,0,0,0,0,0
0,1,1,0,0,0,0,0,0,1,0,0,0,0,0,0,1,1,1,0,1
0,0,0,0,0,0,0,1,0,0,0,1,0,0,0,0,1,0,0,0,1
0,1,0,0,0,0,0,1,0,1,1,0,0,0,0,0,0,1,0,0,1
0,1,0,0,0,1,0,0,0,0,0,0,0,0,1,0,0,0,0,0,0
0,0,0,0,0,1,0,1,0,1,0,0,0,0,0,0,0,1,0,0,0
0,0,1,0,0,0,0,1,0,0,0,0,0,0,0,0,0,0,1,0,1
0,1,0,0,0,0,0,0,0,0,0,0,0,1,0,0,0,0,0,0,1
0,0,0,0,0,0,0,1,0,0,0,0,0,0,0,0,0,0,0,0,1
0,0,1,0,0,0,1,1,0,1,0,0,0,0,0,0,0,0,0,0,1
0,0,0,0,0,0,0,0,0,0,0,0,0,0,0,0,1,0,0,0,1
0,0,1,0,0,1,0,1,0,0,0,0,0,0,0,0,0,0,1,0,1
0,0,1,0,0,0,0,0,0,1,1,0,0,0,1,0,0,1,0,0,1
1,0,1,0,0,0,0,0,0,0,0,0,1,0,0,1,0,0,0,0,0
0,1,0,0,0,0,0,1,0,1,1,0,0,0,0,0,0,1,0,0,1
0,0,0,0,0,1,0,0,0,0,0,0,0,1,0,0,0,0,0,1,1
0,1,0,0,0,0,0,0,0,1,0,0,0,0,1,1,0,0,0,0,1
0,0,0,0,0,0,0,1,0,1,1,0,0,0,0,0,0,0,0,0,1
0,1,1,0,0,0,0,0,0,0,0,0,0,0,1,0,0,0,1,0,1
0,0,1,0,0,1,0,0,0,0,0,0,0,0,1,1,0,0,0,0,1
0,0,0,0,0,1,0,1,0,0,0,0,0,0,0,1,0,0,0,0,1
0,0,0,0,0,0,0,0,0,0,0,0,0,0,1,0,1,0,0,0,1
0,1,0,0,0,1,0,0,0,1,1,0,0,0,1,0,0,0,0,0,1
0,0,0,0,0,0,0,1,0,0,0,0,0,1,0,0,0,0,1,0,1
0,0,1,0,0,0,0,0,0,0,0,0,0,1,0,0,0,0,0,0,1
0,0,0,0,0,1,0,0,0,1,1,0,0,0,0,1,0,1,0,0,1
1,0,0,0,0,0,0,0,0,0,0,0,1,0,0,1,0,0,0,0,0
0,0,1,0,0,1,0,1,0,1,1,0,0,0,0,0,0,1,0,0,1
0,0,0,0,1,0,0,0,0,0,0,0,0,1,0,0,1,0,1,0,1
0,0,0,0,0,1,0,0,0,1,0,0,0,0,0,0,0,0,0,0,1
